{"cameraMode":{"drawMode":0,"name":"Shaded","section":"Shading Mode"},"sceneLighting":false,"audioPlay":false,"sceneViewState":{"m_AlwaysRefresh":false,"showFog":true,"showSkybox":false,"showFlares":true,"showImageEffects":true,"showParticleSystems":true,"showVisualEffectGraphs":true,"m_FxEnabled":true},"in2DMode":false,"pivot":{"x":-4.641866207122803,"y":0.14999976754188538,"z":0.9101361036300659},"rotation":{"x":0.01136065274477005,"y":0.9089202284812927,"z":-0.41609063744544985,"w":0.024821704253554345},"size":0.3637307286262512,"orthographic":false}