{"cameraMode":{"drawMode":0,"name":"Shaded","section":"Shading Mode"},"sceneLighting":false,"audioPlay":false,"sceneViewState":{"m_AlwaysRefresh":false,"showFog":true,"showSkybox":false,"showFlares":true,"showImageEffects":true,"showParticleSystems":true,"showVisualEffectGraphs":true,"m_FxEnabled":true},"in2DMode":false,"pivot":{"x":-0.0642574280500412,"y":-0.09580039978027344,"z":0.03513294458389282},"rotation":{"x":-0.005355766974389553,"y":0.9874951839447022,"z":-0.1537930816411972,"w":-0.034383367747068408},"size":0.3464101552963257,"orthographic":false}