{"cameraMode":{"drawMode":0,"name":"Shaded","section":"Shading Mode"},"sceneLighting":true,"audioPlay":false,"sceneViewState":{"m_AlwaysRefresh":false,"showFog":true,"showSkybox":true,"showFlares":true,"showImageEffects":true,"showParticleSystems":true,"showVisualEffectGraphs":true,"m_FxEnabled":true},"in2DMode":false,"pivot":{"x":0.8712036609649658,"y":1.4028961658477784,"z":0.555591344833374},"rotation":{"x":0.2332482635974884,"y":-0.02566683664917946,"z":0.006160057615488768,"w":0.972061276435852},"size":3.6953606605529787,"orthographic":false}