{"cameraMode":{"drawMode":0,"name":"Shaded","section":"Shading Mode"},"sceneLighting":true,"audioPlay":false,"sceneViewState":{"m_AlwaysRefresh":false,"showFog":true,"showSkybox":true,"showFlares":true,"showImageEffects":true,"showParticleSystems":true,"showVisualEffectGraphs":true,"m_FxEnabled":true},"in2DMode":false,"pivot":{"x":2.513810396194458,"y":0.717414140701294,"z":-3.995384693145752},"rotation":{"x":-0.00805626343935728,"y":0.7409789562225342,"z":0.008893770165741444,"w":0.6714279651641846},"size":2.2816948890686037,"orthographic":false}