{"cameraMode":{"drawMode":0,"name":"Shaded","section":"Shading Mode"},"sceneLighting":true,"audioPlay":false,"sceneViewState":{"m_AlwaysRefresh":false,"showFog":true,"showSkybox":true,"showFlares":true,"showImageEffects":true,"showParticleSystems":true,"showVisualEffectGraphs":true,"m_FxEnabled":true},"in2DMode":false,"pivot":{"x":-2.5236880779266359,"y":0.9945945739746094,"z":-20.04958724975586},"rotation":{"x":-0.0006645992980338633,"y":0.9987563490867615,"z":-0.047976963222026828,"w":-0.013787626288831234},"size":18.6929988861084,"orthographic":false}