{"cameraMode":{"drawMode":0,"name":"Shaded","section":"Shading Mode"},"sceneLighting":true,"audioPlay":false,"sceneViewState":{"m_AlwaysRefresh":false,"showFog":true,"showSkybox":true,"showFlares":true,"showImageEffects":true,"showParticleSystems":true,"showVisualEffectGraphs":true,"m_FxEnabled":true},"in2DMode":false,"pivot":{"x":-0.1069798469543457,"y":0.8885754346847534,"z":-0.22466230392456056},"rotation":{"x":0.02328336425125599,"y":0.9764737486839294,"z":-0.14009663462638856,"w":0.162290558218956},"size":2.8970375061035158,"orthographic":false}