{"cameraMode":{"drawMode":0,"name":"Shaded","section":"Shading Mode"},"sceneLighting":true,"audioPlay":false,"sceneViewState":{"m_AlwaysRefresh":false,"showFog":true,"showSkybox":true,"showFlares":true,"showImageEffects":true,"showParticleSystems":true,"showVisualEffectGraphs":true,"m_FxEnabled":true},"in2DMode":false,"pivot":{"x":1.7454324960708619,"y":1.5609230995178223,"z":0.2153456211090088},"rotation":{"x":0.03373469412326813,"y":0.9649064540863037,"z":-0.1562107503414154,"w":0.20838288962841035},"size":2.2970376014709474,"orthographic":false}