{"cameraMode":{"drawMode":0,"name":"Shaded","section":"Shading Mode"},"sceneLighting":true,"audioPlay":false,"sceneViewState":{"m_AlwaysRefresh":false,"showFog":true,"showSkybox":true,"showFlares":true,"showImageEffects":true,"showParticleSystems":true,"showVisualEffectGraphs":true,"m_FxEnabled":true},"in2DMode":false,"pivot":{"x":-2.5421295166015627,"y":3.0707738399505617,"z":1.5526347160339356},"rotation":{"x":0.04176953434944153,"y":0.8536826968193054,"z":-0.06929668039083481,"w":0.5144883990287781},"size":8.098417282104493,"orthographic":false}