{"cameraMode":{"drawMode":0,"name":"Shaded","section":"Shading Mode"},"sceneLighting":true,"audioPlay":false,"sceneViewState":{"m_AlwaysRefresh":true,"showFog":true,"showSkybox":true,"showFlares":true,"showImageEffects":true,"showParticleSystems":true,"showVisualEffectGraphs":true,"m_FxEnabled":true},"in2DMode":false,"pivot":{"x":-23.53274154663086,"y":-224.01329040527345,"z":199.26609802246095},"rotation":{"x":0.38876107335090639,"y":-0.011339607648551464,"z":0.004815923050045967,"w":0.9212788939476013},"size":195.91383361816407,"orthographic":false}