{"cameraMode":{"drawMode":0,"name":"Shaded","section":"Shading Mode"},"sceneLighting":true,"audioPlay":false,"sceneViewState":{"m_AlwaysRefresh":false,"showFog":true,"showSkybox":true,"showFlares":true,"showImageEffects":true,"showParticleSystems":true,"showVisualEffectGraphs":true,"m_FxEnabled":true},"in2DMode":false,"pivot":{"x":0.5964279174804688,"y":2.5605151653289797,"z":-0.2143762707710266},"rotation":{"x":0.032999128103256229,"y":-0.7251030206680298,"z":0.03483191877603531,"w":0.6869678497314453},"size":8.255419731140137,"orthographic":false}