{"cameraMode":{"drawMode":0,"name":"Shaded","section":"Shading Mode"},"sceneLighting":false,"audioPlay":false,"sceneViewState":{"m_AlwaysRefresh":false,"showFog":true,"showSkybox":false,"showFlares":true,"showImageEffects":true,"showParticleSystems":true,"showVisualEffectGraphs":true,"m_FxEnabled":true},"in2DMode":false,"pivot":{"x":9.313225746154785e-8,"y":4.470348358154297e-8,"z":0.07958865165710449},"rotation":{"x":0.03388908505439758,"y":-0.9630762934684753,"z":0.14585988223552705,"w":0.22376267611980439},"size":3.1801371574401857,"orthographic":false}