{"cameraMode":{"drawMode":0,"name":"Shaded","section":"Shading Mode"},"sceneLighting":false,"audioPlay":false,"sceneViewState":{"m_AlwaysRefresh":false,"showFog":true,"showSkybox":false,"showFlares":true,"showImageEffects":true,"showParticleSystems":true,"showVisualEffectGraphs":true,"m_FxEnabled":true},"in2DMode":false,"pivot":{"x":-5.810608386993408,"y":1.836717128753662,"z":6.672730922698975},"rotation":{"x":0.09868991374969483,"y":0.05462122708559036,"z":-0.005419030785560608,"w":0.9936120510101318},"size":0.3463294208049774,"orthographic":false}