{"cameraMode":{"drawMode":0,"name":"Shaded","section":"Shading Mode"},"sceneLighting":false,"audioPlay":false,"sceneViewState":{"m_AlwaysRefresh":false,"showFog":true,"showSkybox":false,"showFlares":true,"showImageEffects":true,"showParticleSystems":true,"showVisualEffectGraphs":true,"m_FxEnabled":true},"in2DMode":false,"pivot":{"x":-3.7746715545654299,"y":1.5923445224761963,"z":-7.969516277313232},"rotation":{"x":-0.04153009504079819,"y":0.8832683563232422,"z":-0.07970841974020004,"w":-0.46017998456954958},"size":3.1516549587249758,"orthographic":false}