{"cameraMode":{"drawMode":0,"name":"Shaded","section":"Shading Mode"},"sceneLighting":false,"audioPlay":false,"sceneViewState":{"m_AlwaysRefresh":false,"showFog":true,"showSkybox":false,"showFlares":true,"showImageEffects":true,"showParticleSystems":true,"showVisualEffectGraphs":true,"m_FxEnabled":true},"in2DMode":false,"pivot":{"x":-2.009998321533203,"y":2.0800018310546877,"z":-7.449999809265137},"rotation":{"x":-0.0006645992980338633,"y":0.9987563490867615,"z":-0.047976963222026828,"w":-0.013787626288831234},"size":2.5516550540924074,"orthographic":false}